question,title,body,document
What was the purpose of the trip?,Roles in a Data Team,14 Dec 2020 byAlexey Grigorev,d2d8f692
What specific details were included in the article?,Roles in a Data Team,14 Dec 2020 byAlexey Grigorev,d2d8f692
Are there any notable quotes or anecdotes from the article?,Roles in a Data Team,14 Dec 2020 byAlexey Grigorev,d2d8f692
What was the result of the trip?,Roles in a Data Team,14 Dec 2020 byAlexey Grigorev,d2d8f692
What were the conclusions drawn from the outcome?,Roles in a Data Team,14 Dec 2020 byAlexey Grigorev,d2d8f692
What is the difference between a data scientist and a data analyst?,Roles in a Data Team,"The roles of a data scientist and data analyst are pretty similar. In some companies, it’s the same person who does both jobs. However, data scientists typically focus more on predicting rather than explaining. A data analyst fetches the data, looks at it, explains what’s going on to the team, and gives some recommendations on what to do about it. A data scientist, on the other hand, focuses more on creating machine learning services. For example, one of the questions that a data scientist would want to answer is “How can we use this data to build a machine learning model for predicting something?” In other words, data scientists incorporate the data into the product. Their focus is more on engineering than analysis. Data scientists work more closely with engineers on integrating data solutions into the product. The skills of data scientists include: For our example, the data scientists are the people who develop the model used for predicting the category. Once they have a model, they can develop a simple web service for hosting this model.",99ce651b
How does a data scientist use data to create a machine learning model?,Roles in a Data Team,"The roles of a data scientist and data analyst are pretty similar. In some companies, it’s the same person who does both jobs. However, data scientists typically focus more on predicting rather than explaining. A data analyst fetches the data, looks at it, explains what’s going on to the team, and gives some recommendations on what to do about it. A data scientist, on the other hand, focuses more on creating machine learning services. For example, one of the questions that a data scientist would want to answer is “How can we use this data to build a machine learning model for predicting something?” In other words, data scientists incorporate the data into the product. Their focus is more on engineering than analysis. Data scientists work more closely with engineers on integrating data solutions into the product. The skills of data scientists include: For our example, the data scientists are the people who develop the model used for predicting the category. Once they have a model, they can develop a simple web service for hosting this model.",99ce651b
What does a data scientist focus more on when creating a machine learning service?,Roles in a Data Team,"The roles of a data scientist and data analyst are pretty similar. In some companies, it’s the same person who does both jobs. However, data scientists typically focus more on predicting rather than explaining. A data analyst fetches the data, looks at it, explains what’s going on to the team, and gives some recommendations on what to do about it. A data scientist, on the other hand, focuses more on creating machine learning services. For example, one of the questions that a data scientist would want to answer is “How can we use this data to build a machine learning model for predicting something?” In other words, data scientists incorporate the data into the product. Their focus is more on engineering than analysis. Data scientists work more closely with engineers on integrating data solutions into the product. The skills of data scientists include: For our example, the data scientists are the people who develop the model used for predicting the category. Once they have a model, they can develop a simple web service for hosting this model.",99ce651b
What is the main focus of a data scientist's job?,Roles in a Data Team,"The roles of a data scientist and data analyst are pretty similar. In some companies, it’s the same person who does both jobs. However, data scientists typically focus more on predicting rather than explaining. A data analyst fetches the data, looks at it, explains what’s going on to the team, and gives some recommendations on what to do about it. A data scientist, on the other hand, focuses more on creating machine learning services. For example, one of the questions that a data scientist would want to answer is “How can we use this data to build a machine learning model for predicting something?” In other words, data scientists incorporate the data into the product. Their focus is more on engineering than analysis. Data scientists work more closely with engineers on integrating data solutions into the product. The skills of data scientists include: For our example, the data scientists are the people who develop the model used for predicting the category. Once they have a model, they can develop a simple web service for hosting this model.",99ce651b
How does a data scientist's focus on engineering impact the final product?,Roles in a Data Team,"The roles of a data scientist and data analyst are pretty similar. In some companies, it’s the same person who does both jobs. However, data scientists typically focus more on predicting rather than explaining. A data analyst fetches the data, looks at it, explains what’s going on to the team, and gives some recommendations on what to do about it. A data scientist, on the other hand, focuses more on creating machine learning services. For example, one of the questions that a data scientist would want to answer is “How can we use this data to build a machine learning model for predicting something?” In other words, data scientists incorporate the data into the product. Their focus is more on engineering than analysis. Data scientists work more closely with engineers on integrating data solutions into the product. The skills of data scientists include: For our example, the data scientists are the people who develop the model used for predicting the category. Once they have a model, they can develop a simple web service for hosting this model.",99ce651b
What is the main focus of machine learning engineers?,Roles in a Data Team,"Machine learning engineers take whatever data scientists build and help them scale it up. They also ensure that the service is maintainable and that the team follows the best engineering practices. Their focus is more on engineering than on modeling. The skills ML engineers have are similar to that of data engineers: Additionally, ML engineers work closely with more “traditional” engineers, like backend engineers, frontend engineers, or mobile engineers, to ensure that the services from the data team are included in the final product. For our example, ML engineers work together with data scientists on productionizing the category suggestion services. They make sure it’s stable once it’s rolled out to all the users. They must also ensure that it’s maintainable and it’s possible to make changes to the service in the future. There’s another kind of engineer that can be pretty important in a data team — site reliability engineers.",f10a49a7
What are the skills that machine learning engineers have that are similar to that of data engineers?,Roles in a Data Team,"Machine learning engineers take whatever data scientists build and help them scale it up. They also ensure that the service is maintainable and that the team follows the best engineering practices. Their focus is more on engineering than on modeling. The skills ML engineers have are similar to that of data engineers: Additionally, ML engineers work closely with more “traditional” engineers, like backend engineers, frontend engineers, or mobile engineers, to ensure that the services from the data team are included in the final product. For our example, ML engineers work together with data scientists on productionizing the category suggestion services. They make sure it’s stable once it’s rolled out to all the users. They must also ensure that it’s maintainable and it’s possible to make changes to the service in the future. There’s another kind of engineer that can be pretty important in a data team — site reliability engineers.",f10a49a7
How do machine learning engineers collaborate with other engineers in a data team?,Roles in a Data Team,"Machine learning engineers take whatever data scientists build and help them scale it up. They also ensure that the service is maintainable and that the team follows the best engineering practices. Their focus is more on engineering than on modeling. The skills ML engineers have are similar to that of data engineers: Additionally, ML engineers work closely with more “traditional” engineers, like backend engineers, frontend engineers, or mobile engineers, to ensure that the services from the data team are included in the final product. For our example, ML engineers work together with data scientists on productionizing the category suggestion services. They make sure it’s stable once it’s rolled out to all the users. They must also ensure that it’s maintainable and it’s possible to make changes to the service in the future. There’s another kind of engineer that can be pretty important in a data team — site reliability engineers.",f10a49a7
What are the main responsibilities of site reliability engineers?,Roles in a Data Team,"Machine learning engineers take whatever data scientists build and help them scale it up. They also ensure that the service is maintainable and that the team follows the best engineering practices. Their focus is more on engineering than on modeling. The skills ML engineers have are similar to that of data engineers: Additionally, ML engineers work closely with more “traditional” engineers, like backend engineers, frontend engineers, or mobile engineers, to ensure that the services from the data team are included in the final product. For our example, ML engineers work together with data scientists on productionizing the category suggestion services. They make sure it’s stable once it’s rolled out to all the users. They must also ensure that it’s maintainable and it’s possible to make changes to the service in the future. There’s another kind of engineer that can be pretty important in a data team — site reliability engineers.",f10a49a7
What are the skills that site reliability engineers have that are similar to that of data engineers?,Roles in a Data Team,"Machine learning engineers take whatever data scientists build and help them scale it up. They also ensure that the service is maintainable and that the team follows the best engineering practices. Their focus is more on engineering than on modeling. The skills ML engineers have are similar to that of data engineers: Additionally, ML engineers work closely with more “traditional” engineers, like backend engineers, frontend engineers, or mobile engineers, to ensure that the services from the data team are included in the final product. For our example, ML engineers work together with data scientists on productionizing the category suggestion services. They make sure it’s stable once it’s rolled out to all the users. They must also ensure that it’s maintainable and it’s possible to make changes to the service in the future. There’s another kind of engineer that can be pretty important in a data team — site reliability engineers.",f10a49a7
What was the original purpose of the article?,Building a Data Science Team,12 Jul 2022 byAngelica Lo Duca,024e0acf
What were the key takeaways from the article?,Building a Data Science Team,12 Jul 2022 byAngelica Lo Duca,024e0acf
What was the author's purpose in writing this article?,Building a Data Science Team,12 Jul 2022 byAngelica Lo Duca,024e0acf
What were the main points discussed in the article?,Building a Data Science Team,12 Jul 2022 byAngelica Lo Duca,024e0acf
What was the overall tone of the article?,Building a Data Science Team,12 Jul 2022 byAngelica Lo Duca,024e0acf
What is the best way to find talented data scientists?,Building a Data Science Team,"There are two ways to start building a data team, as shown in the following figure: Indeed, there is no solution better than the other. In fact, some companies firstly define the project and then start hiring, and other companies that do exactly the opposite. A good trade-off could be a combination of both, in the sense thatyou could start from a vision, which defines what the end goal should be, but the final product is still unclear. Although you could have in your mind your final goal, you may not know which features will lead to the final product. For this reason,you could start hiring different rolesthat would take you to that point to get a better understanding of your vision. The best way to find talented data scientists is through referrals from people you trust. Attend meetups and conferences related to data science and big data, and post job listings on relevant online communities and forums. Once you have a few candidates, it’s important to evaluate their skillset carefully. In addition to technical ability, you want to make sure they have strong communication skills and are able to work well in a team environment. The best way to assess these skills is through coding challenges and interviews that test both their technical abilities and soft skills. Building a data team can be a challenge, but it’s definitely doable with careful planning and execution. By keeping these tips in mind, you’ll be well on your way",2ab10bad
What are the technical and soft skills that a data team member should have?,Building a Data Science Team,"There are two ways to start building a data team, as shown in the following figure: Indeed, there is no solution better than the other. In fact, some companies firstly define the project and then start hiring, and other companies that do exactly the opposite. A good trade-off could be a combination of both, in the sense thatyou could start from a vision, which defines what the end goal should be, but the final product is still unclear. Although you could have in your mind your final goal, you may not know which features will lead to the final product. For this reason,you could start hiring different rolesthat would take you to that point to get a better understanding of your vision. The best way to find talented data scientists is through referrals from people you trust. Attend meetups and conferences related to data science and big data, and post job listings on relevant online communities and forums. Once you have a few candidates, it’s important to evaluate their skillset carefully. In addition to technical ability, you want to make sure they have strong communication skills and are able to work well in a team environment. The best way to assess these skills is through coding challenges and interviews that test both their technical abilities and soft skills. Building a data team can be a challenge, but it’s definitely doable with careful planning and execution. By keeping these tips in mind, you’ll be well on your way",2ab10bad
How can you assess the skillset of a data team member?,Building a Data Science Team,"There are two ways to start building a data team, as shown in the following figure: Indeed, there is no solution better than the other. In fact, some companies firstly define the project and then start hiring, and other companies that do exactly the opposite. A good trade-off could be a combination of both, in the sense thatyou could start from a vision, which defines what the end goal should be, but the final product is still unclear. Although you could have in your mind your final goal, you may not know which features will lead to the final product. For this reason,you could start hiring different rolesthat would take you to that point to get a better understanding of your vision. The best way to find talented data scientists is through referrals from people you trust. Attend meetups and conferences related to data science and big data, and post job listings on relevant online communities and forums. Once you have a few candidates, it’s important to evaluate their skillset carefully. In addition to technical ability, you want to make sure they have strong communication skills and are able to work well in a team environment. The best way to assess these skills is through coding challenges and interviews that test both their technical abilities and soft skills. Building a data team can be a challenge, but it’s definitely doable with careful planning and execution. By keeping these tips in mind, you’ll be well on your way",2ab10bad
How can you find suitable candidates for a data team?,Building a Data Science Team,"There are two ways to start building a data team, as shown in the following figure: Indeed, there is no solution better than the other. In fact, some companies firstly define the project and then start hiring, and other companies that do exactly the opposite. A good trade-off could be a combination of both, in the sense thatyou could start from a vision, which defines what the end goal should be, but the final product is still unclear. Although you could have in your mind your final goal, you may not know which features will lead to the final product. For this reason,you could start hiring different rolesthat would take you to that point to get a better understanding of your vision. The best way to find talented data scientists is through referrals from people you trust. Attend meetups and conferences related to data science and big data, and post job listings on relevant online communities and forums. Once you have a few candidates, it’s important to evaluate their skillset carefully. In addition to technical ability, you want to make sure they have strong communication skills and are able to work well in a team environment. The best way to assess these skills is through coding challenges and interviews that test both their technical abilities and soft skills. Building a data team can be a challenge, but it’s definitely doable with careful planning and execution. By keeping these tips in mind, you’ll be well on your way",2ab10bad
What are some tips for building a successful data team?,Building a Data Science Team,"There are two ways to start building a data team, as shown in the following figure: Indeed, there is no solution better than the other. In fact, some companies firstly define the project and then start hiring, and other companies that do exactly the opposite. A good trade-off could be a combination of both, in the sense thatyou could start from a vision, which defines what the end goal should be, but the final product is still unclear. Although you could have in your mind your final goal, you may not know which features will lead to the final product. For this reason,you could start hiring different rolesthat would take you to that point to get a better understanding of your vision. The best way to find talented data scientists is through referrals from people you trust. Attend meetups and conferences related to data science and big data, and post job listings on relevant online communities and forums. Once you have a few candidates, it’s important to evaluate their skillset carefully. In addition to technical ability, you want to make sure they have strong communication skills and are able to work well in a team environment. The best way to assess these skills is through coding challenges and interviews that test both their technical abilities and soft skills. Building a data team can be a challenge, but it’s definitely doable with careful planning and execution. By keeping these tips in mind, you’ll be well on your way",2ab10bad
What type of profile should be made when hiring specialists?,Building a Data Science Team,"When you start hiring, you may search for two types of profiles, as shown in the following figure: If you decide to hire specialists, you’ll need to make sure that each team member is able to work together and share their knowledge. This can be a challenge, but if you have the right mix of people it can lead to a very strong team. The advantage of this approach is that each team member will be an expert in their own area and they’ll be able to bring a lot of knowledge to the table. If you decide to go with a team of generalists, the advantage of this approach is that everyone will have a good understanding of the whole data science process. In a startup, you should hire first generalists — people who can do pretty much everything.In fact, when you start, you have no lines of code. There’s nothing, which means you need to do back end, front end, DevOps, and whatever. Instead, if your company is already stable, probably you need more specialists, who focus on specific problems, such as tuning hyperparameters of a Machine Learning model. As your company grows, you may begin hiring more and more specialists and fewer generalists.",c98506af
What is the advantage of hiring specialists compared to generalists?,Building a Data Science Team,"When you start hiring, you may search for two types of profiles, as shown in the following figure: If you decide to hire specialists, you’ll need to make sure that each team member is able to work together and share their knowledge. This can be a challenge, but if you have the right mix of people it can lead to a very strong team. The advantage of this approach is that each team member will be an expert in their own area and they’ll be able to bring a lot of knowledge to the table. If you decide to go with a team of generalists, the advantage of this approach is that everyone will have a good understanding of the whole data science process. In a startup, you should hire first generalists — people who can do pretty much everything.In fact, when you start, you have no lines of code. There’s nothing, which means you need to do back end, front end, DevOps, and whatever. Instead, if your company is already stable, probably you need more specialists, who focus on specific problems, such as tuning hyperparameters of a Machine Learning model. As your company grows, you may begin hiring more and more specialists and fewer generalists.",c98506af
What is the advantage of hiring generalists compared to specialists?,Building a Data Science Team,"When you start hiring, you may search for two types of profiles, as shown in the following figure: If you decide to hire specialists, you’ll need to make sure that each team member is able to work together and share their knowledge. This can be a challenge, but if you have the right mix of people it can lead to a very strong team. The advantage of this approach is that each team member will be an expert in their own area and they’ll be able to bring a lot of knowledge to the table. If you decide to go with a team of generalists, the advantage of this approach is that everyone will have a good understanding of the whole data science process. In a startup, you should hire first generalists — people who can do pretty much everything.In fact, when you start, you have no lines of code. There’s nothing, which means you need to do back end, front end, DevOps, and whatever. Instead, if your company is already stable, probably you need more specialists, who focus on specific problems, such as tuning hyperparameters of a Machine Learning model. As your company grows, you may begin hiring more and more specialists and fewer generalists.",c98506af
What is the approach and how does it affect team members' roles?,Building a Data Science Team,"When you start hiring, you may search for two types of profiles, as shown in the following figure: If you decide to hire specialists, you’ll need to make sure that each team member is able to work together and share their knowledge. This can be a challenge, but if you have the right mix of people it can lead to a very strong team. The advantage of this approach is that each team member will be an expert in their own area and they’ll be able to bring a lot of knowledge to the table. If you decide to go with a team of generalists, the advantage of this approach is that everyone will have a good understanding of the whole data science process. In a startup, you should hire first generalists — people who can do pretty much everything.In fact, when you start, you have no lines of code. There’s nothing, which means you need to do back end, front end, DevOps, and whatever. Instead, if your company is already stable, probably you need more specialists, who focus on specific problems, such as tuning hyperparameters of a Machine Learning model. As your company grows, you may begin hiring more and more specialists and fewer generalists.",c98506af
How do companies decide between hiring generalists and specialists?,Building a Data Science Team,"When you start hiring, you may search for two types of profiles, as shown in the following figure: If you decide to hire specialists, you’ll need to make sure that each team member is able to work together and share their knowledge. This can be a challenge, but if you have the right mix of people it can lead to a very strong team. The advantage of this approach is that each team member will be an expert in their own area and they’ll be able to bring a lot of knowledge to the table. If you decide to go with a team of generalists, the advantage of this approach is that everyone will have a good understanding of the whole data science process. In a startup, you should hire first generalists — people who can do pretty much everything.In fact, when you start, you have no lines of code. There’s nothing, which means you need to do back end, front end, DevOps, and whatever. Instead, if your company is already stable, probably you need more specialists, who focus on specific problems, such as tuning hyperparameters of a Machine Learning model. As your company grows, you may begin hiring more and more specialists and fewer generalists.",c98506af
What stage do you recommend to hire the first people?,Building a Data Science Team,"When building a data science team, it can be difficult to decide who to hire first. The answer, of course, depends on your specific needs. But in general, we recommend hiring first the following three profiles, as shown in the following figure: At the beginning, you need people who can work on the prototype, who will write a lot of coding, and who will work on the product. It doesn’t make sense for you to hire a UX/UI designer when you have no work for them. Of course, every team is different, and you may find that you need to hire a different combination of roles depending on your unique circumstances. So you really need to understand, at which stage you are. And what kind of roles do you need now to solve this problem.",ede66e1a
What are the essential skills for each role?,Building a Data Science Team,"When building a data science team, it can be difficult to decide who to hire first. The answer, of course, depends on your specific needs. But in general, we recommend hiring first the following three profiles, as shown in the following figure: At the beginning, you need people who can work on the prototype, who will write a lot of coding, and who will work on the product. It doesn’t make sense for you to hire a UX/UI designer when you have no work for them. Of course, every team is different, and you may find that you need to hire a different combination of roles depending on your unique circumstances. So you really need to understand, at which stage you are. And what kind of roles do you need now to solve this problem.",ede66e1a
What is the importance of understanding the team's specific needs?,Building a Data Science Team,"When building a data science team, it can be difficult to decide who to hire first. The answer, of course, depends on your specific needs. But in general, we recommend hiring first the following three profiles, as shown in the following figure: At the beginning, you need people who can work on the prototype, who will write a lot of coding, and who will work on the product. It doesn’t make sense for you to hire a UX/UI designer when you have no work for them. Of course, every team is different, and you may find that you need to hire a different combination of roles depending on your unique circumstances. So you really need to understand, at which stage you are. And what kind of roles do you need now to solve this problem.",ede66e1a
What are the factors to consider when deciding who to hire?,Building a Data Science Team,"When building a data science team, it can be difficult to decide who to hire first. The answer, of course, depends on your specific needs. But in general, we recommend hiring first the following three profiles, as shown in the following figure: At the beginning, you need people who can work on the prototype, who will write a lot of coding, and who will work on the product. It doesn’t make sense for you to hire a UX/UI designer when you have no work for them. Of course, every team is different, and you may find that you need to hire a different combination of roles depending on your unique circumstances. So you really need to understand, at which stage you are. And what kind of roles do you need now to solve this problem.",ede66e1a
How are these roles different compared to other roles that a team member might need?,Building a Data Science Team,"When building a data science team, it can be difficult to decide who to hire first. The answer, of course, depends on your specific needs. But in general, we recommend hiring first the following three profiles, as shown in the following figure: At the beginning, you need people who can work on the prototype, who will write a lot of coding, and who will work on the product. It doesn’t make sense for you to hire a UX/UI designer when you have no work for them. Of course, every team is different, and you may find that you need to hire a different combination of roles depending on your unique circumstances. So you really need to understand, at which stage you are. And what kind of roles do you need now to solve this problem.",ede66e1a
What is considered a strong product team?,Building a Data Science Team,"To build a strong product team, it is important to first understand what a product team is.A product team is responsible for the development and management of a company’s products.This includes everything from the initial idea and conception of the product, to its design, production, and eventual distribution. A strong product team is a team that is building a product that the customer wants. Strong means: In other words, a strong product team will have a clear understanding of the market they are targeting and will work together to ensure that the final product meets the needs of their target audience. In order to build a strong product team, it is important to have a clear vision for the product and to assemble a team of individuals with the skills and experience necessary to bring that vision to fruition.",cc59df8b
What are the responsibilities of a product team?,Building a Data Science Team,"To build a strong product team, it is important to first understand what a product team is.A product team is responsible for the development and management of a company’s products.This includes everything from the initial idea and conception of the product, to its design, production, and eventual distribution. A strong product team is a team that is building a product that the customer wants. Strong means: In other words, a strong product team will have a clear understanding of the market they are targeting and will work together to ensure that the final product meets the needs of their target audience. In order to build a strong product team, it is important to have a clear vision for the product and to assemble a team of individuals with the skills and experience necessary to bring that vision to fruition.",cc59df8b
What does it mean for a product team to have a clear vision for the product?,Building a Data Science Team,"To build a strong product team, it is important to first understand what a product team is.A product team is responsible for the development and management of a company’s products.This includes everything from the initial idea and conception of the product, to its design, production, and eventual distribution. A strong product team is a team that is building a product that the customer wants. Strong means: In other words, a strong product team will have a clear understanding of the market they are targeting and will work together to ensure that the final product meets the needs of their target audience. In order to build a strong product team, it is important to have a clear vision for the product and to assemble a team of individuals with the skills and experience necessary to bring that vision to fruition.",cc59df8b
What are the skills and experience needed to assemble a strong product team?,Building a Data Science Team,"To build a strong product team, it is important to first understand what a product team is.A product team is responsible for the development and management of a company’s products.This includes everything from the initial idea and conception of the product, to its design, production, and eventual distribution. A strong product team is a team that is building a product that the customer wants. Strong means: In other words, a strong product team will have a clear understanding of the market they are targeting and will work together to ensure that the final product meets the needs of their target audience. In order to build a strong product team, it is important to have a clear vision for the product and to assemble a team of individuals with the skills and experience necessary to bring that vision to fruition.",cc59df8b
How can a company build a strong product team?,Building a Data Science Team,"To build a strong product team, it is important to first understand what a product team is.A product team is responsible for the development and management of a company’s products.This includes everything from the initial idea and conception of the product, to its design, production, and eventual distribution. A strong product team is a team that is building a product that the customer wants. Strong means: In other words, a strong product team will have a clear understanding of the market they are targeting and will work together to ensure that the final product meets the needs of their target audience. In order to build a strong product team, it is important to have a clear vision for the product and to assemble a team of individuals with the skills and experience necessary to bring that vision to fruition.",cc59df8b
What is the most important thing to consider when hiring a data scientist?,Building a Data Science Team,"When it comes to building a data science team, one of the most important things to consider is hiring a data scientist. While there are many different ways to go about this, there are a few key things to keep in mind. First, it’s important to find someone with the right skillset. You can look at thecandidate curriculum. A data scientist should be able to not only analyze data, but also understand how to use that data to solve real-world problems. Additionally, they should be well-versed in statistics and modeling, and be able to communicate their findings effectively. Once you’ve found a few candidates with the right skillset, it’s important tointerviewthem thoroughly. In addition to questions about their experience and qualifications, be sure to ask them about their approach to data science and how they would go about solving a specific problem. This will help you get a better sense of their thought process and whether or not they would be a good fit for your team. The interview should also include questions on personal experiences, to check whether that person is interesting or not. If someone is just plain boring, this is very difficult for the team. That person also needs a hobby, such as going to the cinema, doing some sports, or whatever. But that person needs to do something. You work more time with that person than you spend with your girlfriend or your wife. You spend more time with them than with the person that you love. So that’s why you need to understand that person really well. You could also include a second interview, which could be ahomework assignment. You could send out some homework, which is not very difficult. Then the candidate sends you the code, whether it is Jupyter Notebook or whatever. Then you should check it. From this simple task, you could already see how much people are working.",fd4b6f76
What are the key skills that a data scientist should have?,Building a Data Science Team,"When it comes to building a data science team, one of the most important things to consider is hiring a data scientist. While there are many different ways to go about this, there are a few key things to keep in mind. First, it’s important to find someone with the right skillset. You can look at thecandidate curriculum. A data scientist should be able to not only analyze data, but also understand how to use that data to solve real-world problems. Additionally, they should be well-versed in statistics and modeling, and be able to communicate their findings effectively. Once you’ve found a few candidates with the right skillset, it’s important tointerviewthem thoroughly. In addition to questions about their experience and qualifications, be sure to ask them about their approach to data science and how they would go about solving a specific problem. This will help you get a better sense of their thought process and whether or not they would be a good fit for your team. The interview should also include questions on personal experiences, to check whether that person is interesting or not. If someone is just plain boring, this is very difficult for the team. That person also needs a hobby, such as going to the cinema, doing some sports, or whatever. But that person needs to do something. You work more time with that person than you spend with your girlfriend or your wife. You spend more time with them than with the person that you love. So that’s why you need to understand that person really well. You could also include a second interview, which could be ahomework assignment. You could send out some homework, which is not very difficult. Then the candidate sends you the code, whether it is Jupyter Notebook or whatever. Then you should check it. From this simple task, you could already see how much people are working.",fd4b6f76
How does an interview help to assess the thought process of a data scientist?,Building a Data Science Team,"When it comes to building a data science team, one of the most important things to consider is hiring a data scientist. While there are many different ways to go about this, there are a few key things to keep in mind. First, it’s important to find someone with the right skillset. You can look at thecandidate curriculum. A data scientist should be able to not only analyze data, but also understand how to use that data to solve real-world problems. Additionally, they should be well-versed in statistics and modeling, and be able to communicate their findings effectively. Once you’ve found a few candidates with the right skillset, it’s important tointerviewthem thoroughly. In addition to questions about their experience and qualifications, be sure to ask them about their approach to data science and how they would go about solving a specific problem. This will help you get a better sense of their thought process and whether or not they would be a good fit for your team. The interview should also include questions on personal experiences, to check whether that person is interesting or not. If someone is just plain boring, this is very difficult for the team. That person also needs a hobby, such as going to the cinema, doing some sports, or whatever. But that person needs to do something. You work more time with that person than you spend with your girlfriend or your wife. You spend more time with them than with the person that you love. So that’s why you need to understand that person really well. You could also include a second interview, which could be ahomework assignment. You could send out some homework, which is not very difficult. Then the candidate sends you the code, whether it is Jupyter Notebook or whatever. Then you should check it. From this simple task, you could already see how much people are working.",fd4b6f76
What kind of personal experiences are important to consider when hiring a data scientist?,Building a Data Science Team,"When it comes to building a data science team, one of the most important things to consider is hiring a data scientist. While there are many different ways to go about this, there are a few key things to keep in mind. First, it’s important to find someone with the right skillset. You can look at thecandidate curriculum. A data scientist should be able to not only analyze data, but also understand how to use that data to solve real-world problems. Additionally, they should be well-versed in statistics and modeling, and be able to communicate their findings effectively. Once you’ve found a few candidates with the right skillset, it’s important tointerviewthem thoroughly. In addition to questions about their experience and qualifications, be sure to ask them about their approach to data science and how they would go about solving a specific problem. This will help you get a better sense of their thought process and whether or not they would be a good fit for your team. The interview should also include questions on personal experiences, to check whether that person is interesting or not. If someone is just plain boring, this is very difficult for the team. That person also needs a hobby, such as going to the cinema, doing some sports, or whatever. But that person needs to do something. You work more time with that person than you spend with your girlfriend or your wife. You spend more time with them than with the person that you love. So that’s why you need to understand that person really well. You could also include a second interview, which could be ahomework assignment. You could send out some homework, which is not very difficult. Then the candidate sends you the code, whether it is Jupyter Notebook or whatever. Then you should check it. From this simple task, you could already see how much people are working.",fd4b6f76
"How can a simple task, like a homework assignment, help to assess a data scientist's skills and attention to detail?",Building a Data Science Team,"When it comes to building a data science team, one of the most important things to consider is hiring a data scientist. While there are many different ways to go about this, there are a few key things to keep in mind. First, it’s important to find someone with the right skillset. You can look at thecandidate curriculum. A data scientist should be able to not only analyze data, but also understand how to use that data to solve real-world problems. Additionally, they should be well-versed in statistics and modeling, and be able to communicate their findings effectively. Once you’ve found a few candidates with the right skillset, it’s important tointerviewthem thoroughly. In addition to questions about their experience and qualifications, be sure to ask them about their approach to data science and how they would go about solving a specific problem. This will help you get a better sense of their thought process and whether or not they would be a good fit for your team. The interview should also include questions on personal experiences, to check whether that person is interesting or not. If someone is just plain boring, this is very difficult for the team. That person also needs a hobby, such as going to the cinema, doing some sports, or whatever. But that person needs to do something. You work more time with that person than you spend with your girlfriend or your wife. You spend more time with them than with the person that you love. So that’s why you need to understand that person really well. You could also include a second interview, which could be ahomework assignment. You could send out some homework, which is not very difficult. Then the candidate sends you the code, whether it is Jupyter Notebook or whatever. Then you should check it. From this simple task, you could already see how much people are working.",fd4b6f76
Which role is different from the manager's role?,Data Science Manager vs Data Science Expert,"The expert role is different from the manager’s becauseexperts need a very deep understanding of algorithms and technologies from the area in which they have many years of experience, while managers only have a general knowledge of the topic.Very often, an expert doesn’t only have a good knowledge of technology, but also domain knowledge. Data science managers are responsible for a team of data scientists and ensuring that projects are completed on time and within budget. They also work with clients to understand their needs and ensure that the team is meeting their expectations. Data science experts are responsible for providing insights and recommendations based on data analysis. They also develop and test models to improve decision-making and help businesses solve complex problems.",4123e3aa
What is an expert's role in the area they specialize in?,Data Science Manager vs Data Science Expert,"The expert role is different from the manager’s becauseexperts need a very deep understanding of algorithms and technologies from the area in which they have many years of experience, while managers only have a general knowledge of the topic.Very often, an expert doesn’t only have a good knowledge of technology, but also domain knowledge. Data science managers are responsible for a team of data scientists and ensuring that projects are completed on time and within budget. They also work with clients to understand their needs and ensure that the team is meeting their expectations. Data science experts are responsible for providing insights and recommendations based on data analysis. They also develop and test models to improve decision-making and help businesses solve complex problems.",4123e3aa
What other is essential for a data science manager's role?,Data Science Manager vs Data Science Expert,"The expert role is different from the manager’s becauseexperts need a very deep understanding of algorithms and technologies from the area in which they have many years of experience, while managers only have a general knowledge of the topic.Very often, an expert doesn’t only have a good knowledge of technology, but also domain knowledge. Data science managers are responsible for a team of data scientists and ensuring that projects are completed on time and within budget. They also work with clients to understand their needs and ensure that the team is meeting their expectations. Data science experts are responsible for providing insights and recommendations based on data analysis. They also develop and test models to improve decision-making and help businesses solve complex problems.",4123e3aa
What is the primary responsibility of a data science manager?,Data Science Manager vs Data Science Expert,"The expert role is different from the manager’s becauseexperts need a very deep understanding of algorithms and technologies from the area in which they have many years of experience, while managers only have a general knowledge of the topic.Very often, an expert doesn’t only have a good knowledge of technology, but also domain knowledge. Data science managers are responsible for a team of data scientists and ensuring that projects are completed on time and within budget. They also work with clients to understand their needs and ensure that the team is meeting their expectations. Data science experts are responsible for providing insights and recommendations based on data analysis. They also develop and test models to improve decision-making and help businesses solve complex problems.",4123e3aa
What does a data science expert provide that is key to improving decision-making?,Data Science Manager vs Data Science Expert,"The expert role is different from the manager’s becauseexperts need a very deep understanding of algorithms and technologies from the area in which they have many years of experience, while managers only have a general knowledge of the topic.Very often, an expert doesn’t only have a good knowledge of technology, but also domain knowledge. Data science managers are responsible for a team of data scientists and ensuring that projects are completed on time and within budget. They also work with clients to understand their needs and ensure that the team is meeting their expectations. Data science experts are responsible for providing insights and recommendations based on data analysis. They also develop and test models to improve decision-making and help businesses solve complex problems.",4123e3aa
What is the role of a data science manager in a project?,Data Science Manager vs Data Science Expert,"The answer to this question may depend on the size and scope of your project. If you have a large project with many moving parts, then you might need a data science manager to keep everything organized and on track. A manager can also be helpful in coordinating team members with different skill sets. On the other hand, if your project is more focused and you have a clear idea of what you want to achieve, then you might be better off working with a data science expert. An expert can help you fine-tune your project and ensure success. Ultimately, the decision of whether to work with a manager or an expert depends on your specific needs and goals. If you are unsure, it might be helpful to consult with both types of professionals to get a sense of what would work best for your project. Anyway, you should keep in mind thatif you hire first a data science manager, then the manager would basically build a data science team.",f825c2c7
What are the responsibilities of a data science manager?,Data Science Manager vs Data Science Expert,"The answer to this question may depend on the size and scope of your project. If you have a large project with many moving parts, then you might need a data science manager to keep everything organized and on track. A manager can also be helpful in coordinating team members with different skill sets. On the other hand, if your project is more focused and you have a clear idea of what you want to achieve, then you might be better off working with a data science expert. An expert can help you fine-tune your project and ensure success. Ultimately, the decision of whether to work with a manager or an expert depends on your specific needs and goals. If you are unsure, it might be helpful to consult with both types of professionals to get a sense of what would work best for your project. Anyway, you should keep in mind thatif you hire first a data science manager, then the manager would basically build a data science team.",f825c2c7
How can a data science manager help improve a project's success?,Data Science Manager vs Data Science Expert,"The answer to this question may depend on the size and scope of your project. If you have a large project with many moving parts, then you might need a data science manager to keep everything organized and on track. A manager can also be helpful in coordinating team members with different skill sets. On the other hand, if your project is more focused and you have a clear idea of what you want to achieve, then you might be better off working with a data science expert. An expert can help you fine-tune your project and ensure success. Ultimately, the decision of whether to work with a manager or an expert depends on your specific needs and goals. If you are unsure, it might be helpful to consult with both types of professionals to get a sense of what would work best for your project. Anyway, you should keep in mind thatif you hire first a data science manager, then the manager would basically build a data science team.",f825c2c7
What are the benefits of hiring a data science manager?,Data Science Manager vs Data Science Expert,"The answer to this question may depend on the size and scope of your project. If you have a large project with many moving parts, then you might need a data science manager to keep everything organized and on track. A manager can also be helpful in coordinating team members with different skill sets. On the other hand, if your project is more focused and you have a clear idea of what you want to achieve, then you might be better off working with a data science expert. An expert can help you fine-tune your project and ensure success. Ultimately, the decision of whether to work with a manager or an expert depends on your specific needs and goals. If you are unsure, it might be helpful to consult with both types of professionals to get a sense of what would work best for your project. Anyway, you should keep in mind thatif you hire first a data science manager, then the manager would basically build a data science team.",f825c2c7
How does a data science manager typically build a data science team?,Data Science Manager vs Data Science Expert,"The answer to this question may depend on the size and scope of your project. If you have a large project with many moving parts, then you might need a data science manager to keep everything organized and on track. A manager can also be helpful in coordinating team members with different skill sets. On the other hand, if your project is more focused and you have a clear idea of what you want to achieve, then you might be better off working with a data science expert. An expert can help you fine-tune your project and ensure success. Ultimately, the decision of whether to work with a manager or an expert depends on your specific needs and goals. If you are unsure, it might be helpful to consult with both types of professionals to get a sense of what would work best for your project. Anyway, you should keep in mind thatif you hire first a data science manager, then the manager would basically build a data science team.",f825c2c7
What is the key difference between a data science manager and a data science expert?,Data Science Manager vs Data Science Expert,"Congratulations! You have just learned the difference between data science manager and data science expert! Data science managers are responsible for leading teams of data scientists and ensuring that projects are completed on time and within budget. They also need to have general technical skills and be able to effectively communicate results to non-technical stakeholders. Data science experts, on the other hand, are responsible for actually doing the work of data analysis and modeling. They need to have a deep understanding of statistics and machine learning and be able to effectively communicate their findings to both technical and non-technical audiences. So, which role is right for you? If you feel like you have the leadership skills necessary to manage a team of data scientists, then a data science manager might be the right choice. If you’d rather focus on the actual work of data science, then a data science expert might be a better fit. Ultimately, it’s up to you to decide which role best suits your job! The content of this article has been inspired by the podcast episodeData Science Manager vs Data Science Expertwith Barbara Sobkowiak at DataTalks.Club.",fa413fd7
What are the general skills required for a data science manager?,Data Science Manager vs Data Science Expert,"Congratulations! You have just learned the difference between data science manager and data science expert! Data science managers are responsible for leading teams of data scientists and ensuring that projects are completed on time and within budget. They also need to have general technical skills and be able to effectively communicate results to non-technical stakeholders. Data science experts, on the other hand, are responsible for actually doing the work of data analysis and modeling. They need to have a deep understanding of statistics and machine learning and be able to effectively communicate their findings to both technical and non-technical audiences. So, which role is right for you? If you feel like you have the leadership skills necessary to manage a team of data scientists, then a data science manager might be the right choice. If you’d rather focus on the actual work of data science, then a data science expert might be a better fit. Ultimately, it’s up to you to decide which role best suits your job! The content of this article has been inspired by the podcast episodeData Science Manager vs Data Science Expertwith Barbara Sobkowiak at DataTalks.Club.",fa413fd7
What is the main responsibility of a data science manager?,Data Science Manager vs Data Science Expert,"Congratulations! You have just learned the difference between data science manager and data science expert! Data science managers are responsible for leading teams of data scientists and ensuring that projects are completed on time and within budget. They also need to have general technical skills and be able to effectively communicate results to non-technical stakeholders. Data science experts, on the other hand, are responsible for actually doing the work of data analysis and modeling. They need to have a deep understanding of statistics and machine learning and be able to effectively communicate their findings to both technical and non-technical audiences. So, which role is right for you? If you feel like you have the leadership skills necessary to manage a team of data scientists, then a data science manager might be the right choice. If you’d rather focus on the actual work of data science, then a data science expert might be a better fit. Ultimately, it’s up to you to decide which role best suits your job! The content of this article has been inspired by the podcast episodeData Science Manager vs Data Science Expertwith Barbara Sobkowiak at DataTalks.Club.",fa413fd7
What are the main responsibilities of a data science expert?,Data Science Manager vs Data Science Expert,"Congratulations! You have just learned the difference between data science manager and data science expert! Data science managers are responsible for leading teams of data scientists and ensuring that projects are completed on time and within budget. They also need to have general technical skills and be able to effectively communicate results to non-technical stakeholders. Data science experts, on the other hand, are responsible for actually doing the work of data analysis and modeling. They need to have a deep understanding of statistics and machine learning and be able to effectively communicate their findings to both technical and non-technical audiences. So, which role is right for you? If you feel like you have the leadership skills necessary to manage a team of data scientists, then a data science manager might be the right choice. If you’d rather focus on the actual work of data science, then a data science expert might be a better fit. Ultimately, it’s up to you to decide which role best suits your job! The content of this article has been inspired by the podcast episodeData Science Manager vs Data Science Expertwith Barbara Sobkowiak at DataTalks.Club.",fa413fd7
What is the best fit between a data science manager and a data science expert?,Data Science Manager vs Data Science Expert,"Congratulations! You have just learned the difference between data science manager and data science expert! Data science managers are responsible for leading teams of data scientists and ensuring that projects are completed on time and within budget. They also need to have general technical skills and be able to effectively communicate results to non-technical stakeholders. Data science experts, on the other hand, are responsible for actually doing the work of data analysis and modeling. They need to have a deep understanding of statistics and machine learning and be able to effectively communicate their findings to both technical and non-technical audiences. So, which role is right for you? If you feel like you have the leadership skills necessary to manage a team of data scientists, then a data science manager might be the right choice. If you’d rather focus on the actual work of data science, then a data science expert might be a better fit. Ultimately, it’s up to you to decide which role best suits your job! The content of this article has been inspired by the podcast episodeData Science Manager vs Data Science Expertwith Barbara Sobkowiak at DataTalks.Club.",fa413fd7
What is the primary task of a data engineer?,Data Engineers Aren't Plumbers,"This section is similar to the previous but we are focusing on the goal of each engineer. For example, a mechanical engineer has the working scope to build, maintain and improve mechanical machines that will perform some tasks. I’m considering a data engineer has the objective of building, maintaining, and improving data pipelines (ETL or ELT processes), data storage structures (data warehouses or data lakes), and providing solid data to the stakeholders. In a detailed way, the professional has the working scope of guarantee the a) extraction of data from various sources (both internal like relational databases and external sources), b) transformation of data using solid programming skills or software, c) good organization of the data in the correct storage structures and d) quality/organization of all the end-to-end processes and data using orchestrator tools, monitoring tools or other control tools. A data engineer needs to think of the process as a whole considering downstream and upstream mechanisms. The specialization ofHydraulic and Water Resources Engineeringby the McGill University of Canada describes these two disciplines as follows: “Water resources engineeringis the quantitative study of the hydrologic cycle — the distribution and circulation of water linking the earth’s atmosphere, land and oceans. (…) Applications include the management of the urban water supply, the design of urban storm-sewer systems, and flood forecasting.”and“Hydraulic engineeringconsists of the application of fluid mechanics to water flowing in an isolated environment (pipe, pump) or in an open channel (river, lake, ocean). Applications include the design of hydraulic structures, such as sewage conduits, dams and breakwaters, the management of waterways, such as erosion protection and flood protection, and environmental management, such as prediction of the mixing and transport of pollutants in surface water.”. Therefore I’m considering hydraulic and water resources engineers need to guarantee (besides other tasks) a) the extraction of water from various sources, b) the correct water cleaning in water treatment facilities (see image above), c) good organization of the water in the correct storage structures, and d) quality/organization of all the end-to-end processes with several control tools. In the table below it is possible to see how identical both roles are in terms of working processes, tasks, or goals (with some examples). Therefore you can see that even having different targets both engineers do similar tasks.",f4a8e598
"How would a data engineer approach designing a data pipeline for extracting, transforming, and storing data?",Data Engineers Aren't Plumbers,"This section is similar to the previous but we are focusing on the goal of each engineer. For example, a mechanical engineer has the working scope to build, maintain and improve mechanical machines that will perform some tasks. I’m considering a data engineer has the objective of building, maintaining, and improving data pipelines (ETL or ELT processes), data storage structures (data warehouses or data lakes), and providing solid data to the stakeholders. In a detailed way, the professional has the working scope of guarantee the a) extraction of data from various sources (both internal like relational databases and external sources), b) transformation of data using solid programming skills or software, c) good organization of the data in the correct storage structures and d) quality/organization of all the end-to-end processes and data using orchestrator tools, monitoring tools or other control tools. A data engineer needs to think of the process as a whole considering downstream and upstream mechanisms. The specialization ofHydraulic and Water Resources Engineeringby the McGill University of Canada describes these two disciplines as follows: “Water resources engineeringis the quantitative study of the hydrologic cycle — the distribution and circulation of water linking the earth’s atmosphere, land and oceans. (…) Applications include the management of the urban water supply, the design of urban storm-sewer systems, and flood forecasting.”and“Hydraulic engineeringconsists of the application of fluid mechanics to water flowing in an isolated environment (pipe, pump) or in an open channel (river, lake, ocean). Applications include the design of hydraulic structures, such as sewage conduits, dams and breakwaters, the management of waterways, such as erosion protection and flood protection, and environmental management, such as prediction of the mixing and transport of pollutants in surface water.”. Therefore I’m considering hydraulic and water resources engineers need to guarantee (besides other tasks) a) the extraction of water from various sources, b) the correct water cleaning in water treatment facilities (see image above), c) good organization of the water in the correct storage structures, and d) quality/organization of all the end-to-end processes with several control tools. In the table below it is possible to see how identical both roles are in terms of working processes, tasks, or goals (with some examples). Therefore you can see that even having different targets both engineers do similar tasks.",f4a8e598
What are the main components of a data warehouse?,Data Engineers Aren't Plumbers,"This section is similar to the previous but we are focusing on the goal of each engineer. For example, a mechanical engineer has the working scope to build, maintain and improve mechanical machines that will perform some tasks. I’m considering a data engineer has the objective of building, maintaining, and improving data pipelines (ETL or ELT processes), data storage structures (data warehouses or data lakes), and providing solid data to the stakeholders. In a detailed way, the professional has the working scope of guarantee the a) extraction of data from various sources (both internal like relational databases and external sources), b) transformation of data using solid programming skills or software, c) good organization of the data in the correct storage structures and d) quality/organization of all the end-to-end processes and data using orchestrator tools, monitoring tools or other control tools. A data engineer needs to think of the process as a whole considering downstream and upstream mechanisms. The specialization ofHydraulic and Water Resources Engineeringby the McGill University of Canada describes these two disciplines as follows: “Water resources engineeringis the quantitative study of the hydrologic cycle — the distribution and circulation of water linking the earth’s atmosphere, land and oceans. (…) Applications include the management of the urban water supply, the design of urban storm-sewer systems, and flood forecasting.”and“Hydraulic engineeringconsists of the application of fluid mechanics to water flowing in an isolated environment (pipe, pump) or in an open channel (river, lake, ocean). Applications include the design of hydraulic structures, such as sewage conduits, dams and breakwaters, the management of waterways, such as erosion protection and flood protection, and environmental management, such as prediction of the mixing and transport of pollutants in surface water.”. Therefore I’m considering hydraulic and water resources engineers need to guarantee (besides other tasks) a) the extraction of water from various sources, b) the correct water cleaning in water treatment facilities (see image above), c) good organization of the water in the correct storage structures, and d) quality/organization of all the end-to-end processes with several control tools. In the table below it is possible to see how identical both roles are in terms of working processes, tasks, or goals (with some examples). Therefore you can see that even having different targets both engineers do similar tasks.",f4a8e598
How does a data engineer ensure data quality and integrity in a water resources engineering project?,Data Engineers Aren't Plumbers,"This section is similar to the previous but we are focusing on the goal of each engineer. For example, a mechanical engineer has the working scope to build, maintain and improve mechanical machines that will perform some tasks. I’m considering a data engineer has the objective of building, maintaining, and improving data pipelines (ETL or ELT processes), data storage structures (data warehouses or data lakes), and providing solid data to the stakeholders. In a detailed way, the professional has the working scope of guarantee the a) extraction of data from various sources (both internal like relational databases and external sources), b) transformation of data using solid programming skills or software, c) good organization of the data in the correct storage structures and d) quality/organization of all the end-to-end processes and data using orchestrator tools, monitoring tools or other control tools. A data engineer needs to think of the process as a whole considering downstream and upstream mechanisms. The specialization ofHydraulic and Water Resources Engineeringby the McGill University of Canada describes these two disciplines as follows: “Water resources engineeringis the quantitative study of the hydrologic cycle — the distribution and circulation of water linking the earth’s atmosphere, land and oceans. (…) Applications include the management of the urban water supply, the design of urban storm-sewer systems, and flood forecasting.”and“Hydraulic engineeringconsists of the application of fluid mechanics to water flowing in an isolated environment (pipe, pump) or in an open channel (river, lake, ocean). Applications include the design of hydraulic structures, such as sewage conduits, dams and breakwaters, the management of waterways, such as erosion protection and flood protection, and environmental management, such as prediction of the mixing and transport of pollutants in surface water.”. Therefore I’m considering hydraulic and water resources engineers need to guarantee (besides other tasks) a) the extraction of water from various sources, b) the correct water cleaning in water treatment facilities (see image above), c) good organization of the water in the correct storage structures, and d) quality/organization of all the end-to-end processes with several control tools. In the table below it is possible to see how identical both roles are in terms of working processes, tasks, or goals (with some examples). Therefore you can see that even having different targets both engineers do similar tasks.",f4a8e598
What is the difference between a mechanical engineer and a data engineer?,Data Engineers Aren't Plumbers,"This section is similar to the previous but we are focusing on the goal of each engineer. For example, a mechanical engineer has the working scope to build, maintain and improve mechanical machines that will perform some tasks. I’m considering a data engineer has the objective of building, maintaining, and improving data pipelines (ETL or ELT processes), data storage structures (data warehouses or data lakes), and providing solid data to the stakeholders. In a detailed way, the professional has the working scope of guarantee the a) extraction of data from various sources (both internal like relational databases and external sources), b) transformation of data using solid programming skills or software, c) good organization of the data in the correct storage structures and d) quality/organization of all the end-to-end processes and data using orchestrator tools, monitoring tools or other control tools. A data engineer needs to think of the process as a whole considering downstream and upstream mechanisms. The specialization ofHydraulic and Water Resources Engineeringby the McGill University of Canada describes these two disciplines as follows: “Water resources engineeringis the quantitative study of the hydrologic cycle — the distribution and circulation of water linking the earth’s atmosphere, land and oceans. (…) Applications include the management of the urban water supply, the design of urban storm-sewer systems, and flood forecasting.”and“Hydraulic engineeringconsists of the application of fluid mechanics to water flowing in an isolated environment (pipe, pump) or in an open channel (river, lake, ocean). Applications include the design of hydraulic structures, such as sewage conduits, dams and breakwaters, the management of waterways, such as erosion protection and flood protection, and environmental management, such as prediction of the mixing and transport of pollutants in surface water.”. Therefore I’m considering hydraulic and water resources engineers need to guarantee (besides other tasks) a) the extraction of water from various sources, b) the correct water cleaning in water treatment facilities (see image above), c) good organization of the water in the correct storage structures, and d) quality/organization of all the end-to-end processes with several control tools. In the table below it is possible to see how identical both roles are in terms of working processes, tasks, or goals (with some examples). Therefore you can see that even having different targets both engineers do similar tasks.",f4a8e598
What are the differences between the tools used by data engineers and hydraulic and water resources engineers in terms of purpose?,Data Engineers Aren't Plumbers,"In that cliché of “data engineer equals plumber” it is often written that both have tools. However, the plumber tools are different from the data engineer tools. But both data engineers and hydraulic and water resources engineers use similar tools. Considering the processes present in the table above I will present you some examples for each role. For data engineers: For hydraulic and water resources engineer: So all the tools for both engineers are complex tools (mostly software) with the purpose of proceeding to the estimation of the best solution. They are not manual tools like hammers.",e5fe70c8
What are the key similarities between the tools used by data engineers and hydraulic and water resources engineers in terms of purpose?,Data Engineers Aren't Plumbers,"In that cliché of “data engineer equals plumber” it is often written that both have tools. However, the plumber tools are different from the data engineer tools. But both data engineers and hydraulic and water resources engineers use similar tools. Considering the processes present in the table above I will present you some examples for each role. For data engineers: For hydraulic and water resources engineer: So all the tools for both engineers are complex tools (mostly software) with the purpose of proceeding to the estimation of the best solution. They are not manual tools like hammers.",e5fe70c8
What are some examples of tools that are used by both data engineers and hydraulic and water resources engineers?,Data Engineers Aren't Plumbers,"In that cliché of “data engineer equals plumber” it is often written that both have tools. However, the plumber tools are different from the data engineer tools. But both data engineers and hydraulic and water resources engineers use similar tools. Considering the processes present in the table above I will present you some examples for each role. For data engineers: For hydraulic and water resources engineer: So all the tools for both engineers are complex tools (mostly software) with the purpose of proceeding to the estimation of the best solution. They are not manual tools like hammers.",e5fe70c8
How are the tools used by data engineers different from the tools used by hydraulic and water resources engineers?,Data Engineers Aren't Plumbers,"In that cliché of “data engineer equals plumber” it is often written that both have tools. However, the plumber tools are different from the data engineer tools. But both data engineers and hydraulic and water resources engineers use similar tools. Considering the processes present in the table above I will present you some examples for each role. For data engineers: For hydraulic and water resources engineer: So all the tools for both engineers are complex tools (mostly software) with the purpose of proceeding to the estimation of the best solution. They are not manual tools like hammers.",e5fe70c8
What is the purpose of these tools in the context of data engineering tasks?,Data Engineers Aren't Plumbers,"In that cliché of “data engineer equals plumber” it is often written that both have tools. However, the plumber tools are different from the data engineer tools. But both data engineers and hydraulic and water resources engineers use similar tools. Considering the processes present in the table above I will present you some examples for each role. For data engineers: For hydraulic and water resources engineer: So all the tools for both engineers are complex tools (mostly software) with the purpose of proceeding to the estimation of the best solution. They are not manual tools like hammers.",e5fe70c8
What are the three subjects that data engineers are less identical to?,Data Engineers Aren't Plumbers,"In summary it was presented in three simple subjects that data engineers are less identical to plumbers and more to hydraulic and water resources engineers. Hydraulic and water resources engineers and data engineers resemble because And the cliché is down! What do you think, do you agree with me? Do you think I am going to be attacked by Mario Bros? 🧑‍🔧 Did you like this article? Follow me for more articles onMedium.",60a2a944
What is the cliché mentioned in the context?,Data Engineers Aren't Plumbers,"In summary it was presented in three simple subjects that data engineers are less identical to plumbers and more to hydraulic and water resources engineers. Hydraulic and water resources engineers and data engineers resemble because And the cliché is down! What do you think, do you agree with me? Do you think I am going to be attacked by Mario Bros? 🧑‍🔧 Did you like this article? Follow me for more articles onMedium.",60a2a944
Can you guess what the author is most likely thinking about when they say 'data engineers are less identical to plumbers'?,Data Engineers Aren't Plumbers,"In summary it was presented in three simple subjects that data engineers are less identical to plumbers and more to hydraulic and water resources engineers. Hydraulic and water resources engineers and data engineers resemble because And the cliché is down! What do you think, do you agree with me? Do you think I am going to be attacked by Mario Bros? 🧑‍🔧 Did you like this article? Follow me for more articles onMedium.",60a2a944
What is the result of the question?,Data Engineers Aren't Plumbers,"In summary it was presented in three simple subjects that data engineers are less identical to plumbers and more to hydraulic and water resources engineers. Hydraulic and water resources engineers and data engineers resemble because And the cliché is down! What do you think, do you agree with me? Do you think I am going to be attacked by Mario Bros? 🧑‍🔧 Did you like this article? Follow me for more articles onMedium.",60a2a944
What is your conclusion based on the information provided?,Data Engineers Aren't Plumbers,"In summary it was presented in three simple subjects that data engineers are less identical to plumbers and more to hydraulic and water resources engineers. Hydraulic and water resources engineers and data engineers resemble because And the cliché is down! What do you think, do you agree with me? Do you think I am going to be attacked by Mario Bros? 🧑‍🔧 Did you like this article? Follow me for more articles onMedium.",60a2a944
What are some of the skills that are needed in order to work as a data scientist?,Starting a Career as a Data Scientist,"There are many skills that are needed in order to work as a data scientist. However, there are also many skills that can be learned in order to become a data scientist. Many people who are interested in data science may not have the opportunity to learn these skills at their job. However, there are many ways to learn the skills outside of work. One way to learn the skills needed to become a data scientist is throughonline courses. There are many online courses that teach the basics of data science. These courses can be found on websites such as Coursera and Udacity. In addition, there aremany blog posts and articlesthat can be found online that can help someone learn the basics of data science. Another way to learn the skills needed to become a data scientist is throughconferences and meetups. There are many conferences and meetups that discuss data science topics. These events can be found in cities all over the world. Attendees of these events can learn from presentations and network with other people who are interested in data science. Finally, another way to learn the skills needed to become a data scientist is throughbooks. There are many books that have been written about data science.",59195bb7
What are some of the different ways that people can learn the skills needed to become a data scientist?,Starting a Career as a Data Scientist,"There are many skills that are needed in order to work as a data scientist. However, there are also many skills that can be learned in order to become a data scientist. Many people who are interested in data science may not have the opportunity to learn these skills at their job. However, there are many ways to learn the skills outside of work. One way to learn the skills needed to become a data scientist is throughonline courses. There are many online courses that teach the basics of data science. These courses can be found on websites such as Coursera and Udacity. In addition, there aremany blog posts and articlesthat can be found online that can help someone learn the basics of data science. Another way to learn the skills needed to become a data scientist is throughconferences and meetups. There are many conferences and meetups that discuss data science topics. These events can be found in cities all over the world. Attendees of these events can learn from presentations and network with other people who are interested in data science. Finally, another way to learn the skills needed to become a data scientist is throughbooks. There are many books that have been written about data science.",59195bb7
What are some of the benefits of learning to code in order to become a data scientist?,Starting a Career as a Data Scientist,"There are many skills that are needed in order to work as a data scientist. However, there are also many skills that can be learned in order to become a data scientist. Many people who are interested in data science may not have the opportunity to learn these skills at their job. However, there are many ways to learn the skills outside of work. One way to learn the skills needed to become a data scientist is throughonline courses. There are many online courses that teach the basics of data science. These courses can be found on websites such as Coursera and Udacity. In addition, there aremany blog posts and articlesthat can be found online that can help someone learn the basics of data science. Another way to learn the skills needed to become a data scientist is throughconferences and meetups. There are many conferences and meetups that discuss data science topics. These events can be found in cities all over the world. Attendees of these events can learn from presentations and network with other people who are interested in data science. Finally, another way to learn the skills needed to become a data scientist is throughbooks. There are many books that have been written about data science.",59195bb7
What are some of the challenges to learning to code in order to become a data scientist?,Starting a Career as a Data Scientist,"There are many skills that are needed in order to work as a data scientist. However, there are also many skills that can be learned in order to become a data scientist. Many people who are interested in data science may not have the opportunity to learn these skills at their job. However, there are many ways to learn the skills outside of work. One way to learn the skills needed to become a data scientist is throughonline courses. There are many online courses that teach the basics of data science. These courses can be found on websites such as Coursera and Udacity. In addition, there aremany blog posts and articlesthat can be found online that can help someone learn the basics of data science. Another way to learn the skills needed to become a data scientist is throughconferences and meetups. There are many conferences and meetups that discuss data science topics. These events can be found in cities all over the world. Attendees of these events can learn from presentations and network with other people who are interested in data science. Finally, another way to learn the skills needed to become a data scientist is throughbooks. There are many books that have been written about data science.",59195bb7
What are some of the resources that people can use to learn the skills needed to become a data scientist?,Starting a Career as a Data Scientist,"There are many skills that are needed in order to work as a data scientist. However, there are also many skills that can be learned in order to become a data scientist. Many people who are interested in data science may not have the opportunity to learn these skills at their job. However, there are many ways to learn the skills outside of work. One way to learn the skills needed to become a data scientist is throughonline courses. There are many online courses that teach the basics of data science. These courses can be found on websites such as Coursera and Udacity. In addition, there aremany blog posts and articlesthat can be found online that can help someone learn the basics of data science. Another way to learn the skills needed to become a data scientist is throughconferences and meetups. There are many conferences and meetups that discuss data science topics. These events can be found in cities all over the world. Attendees of these events can learn from presentations and network with other people who are interested in data science. Finally, another way to learn the skills needed to become a data scientist is throughbooks. There are many books that have been written about data science.",59195bb7
What was the article's main topic?,Guidelines to Get a Data Engineer Job Against the Odds,04 Jan 2023 byLuís Oliveira,59385f12
What date and time was the article published?,Guidelines to Get a Data Engineer Job Against the Odds,04 Jan 2023 byLuís Oliveira,59385f12
What were the main points discussed in the article?,Guidelines to Get a Data Engineer Job Against the Odds,04 Jan 2023 byLuís Oliveira,59385f12
Who wrote the article?,Guidelines to Get a Data Engineer Job Against the Odds,04 Jan 2023 byLuís Oliveira,59385f12
What is the author's biography?,Guidelines to Get a Data Engineer Job Against the Odds,04 Jan 2023 byLuís Oliveira,59385f12
